rel_id	src	rel	dst	anchor	confidence	created_batch	notes
R-0001	ART-002	同构	OUR-001	PROOF-PATH五步 vs flt-stage-a §3五环	high	B0	逐环比对待U-D1-b精化
R-0002	ART-009	对应	OP-W02	PROOF-PATH步骤2末句"no weight-2 cusp form on Γ₀(2)"	high	B0	冲突预言的机器形态
R-0003	ART-008	对应	OP-W01	Def_FLTPrelim_FreyPackage.lean（y²=x(x−aᵖ)(x+bᵖ)积分模型）	high	B0	-
R-0004	ART-002	依赖	EXT-001	README/PROOF-PATH"largely as in Darmon, Diamond and Taylor"	high	B0	路线继承的直接证据
R-0005	ART-001	货架来自	EXT-002	NOTICE：Frey package/Galois rep/形变/patching等106文件	high	B0	=Wiles亲手部分的人类预制品
R-0006	ART-001	货架来自	EXT-003	NOTICE：flt-regular（Kummer）	high	B0	-
R-0007	EXT-002	对应	OP-W06	Imperial FLT含deformation theory/patching（NOTICE行）	med	B0	U-D2-a核实文件级
R-0008	ART-002	依赖	OP-W04	PROOF-PATH步骤5"level lowering"（步骤编号见原文）	high	B0	Ribet环机器形态
R-0009	ART-001	证据	AXIS-D4	README"with Lean as the arbiter"+FinalCheck三公理纪律	high	B0	仲裁轴实证
R-0010	ART-003	证据	AXIS-D5	ATTRIBUTION §1-4：106+23文件量化入口	high	B0	-
R-0011	EXT-004	待查	AXIS-D1	占位：蜂群蓝图过程外部证据缺失	low	B0	U-D1-a/U-D2-c补
R-0012	ART-004	粒度包含	ART-002	Theorems/树为PROOF-PATH各步的细化分解	med	B0	U-D3-a量化
R-0013	ART-001	证据	AXIS-D1	官方文：蓝图closely follows Wiles/DDT简化版；人类仅高层指令	high	B1
R-0014	EXT-004	证据	AXIS-D3	Prove2Me：DAG+陈述证明分文件+NL描述记忆外化；首次无蓝图失败	high	B1
R-0015	EXT-004	证据	OP-W09	失败尝试贡献约7%非样板代码（障碍账本的蜂群形态）	high	B1
R-0016	ART-004	证据	AXIS-D3	29511陈述=29511证明一一对应；WeierstrassCurve 1003/CuspForm 697	med	B1	主题级统计
R-0017	EXT-004	同构	OUR-004	三重同构：units调度≈DAG调度/禁漫游≈蓝图教训/账本≈7%失败代码	high	B1
R-0018	ART-002	对应	OP-W05	threeFiveSwitchCurve+RubinSilverberg族+LT→E1→Deligne-Serre机械链（PROOF-PATH步骤4）	high	B1	原med升级
R-0019	ART-002	对应	OP-W08	Algebra.PatchingDatum+Taylor-Wiles patching in Diamond formulation	high	B1	原med升级
R-0020	ART-006	同构	OUR-004	仲裁轴收敛：语句级自动 vs 策略级骨架，粒度差一层非本质差	med	B1	U-D4-a
R-0021	EXT-002	证据	AXIS-D5	2026货架含Wiles亲手机械的预制品（形变/patching）→瓶颈上移策略层	high	B1	U-D5-b
R-0022	EXT-004	证据	AXIS-D6	11天/13M行/6B token/三段子定理图；"formal proof不应替代人类阐述"	high	B1	人话文档要求同构
